epoch,train_epoch_loss
0,0.8499244602920746
1,0.6385222677128171
2,0.5459831326510558
